model,best_auc,best_aupr
SAGE,0.8563614281389351,0.38107640056554376
HGT,0.902711557785062,0.5736108976936334
