model,best_val_auc
GAT,0.9540143097987057
HGT,0.9863565639083571
