{
  "v4.5": {
    "n_targets": 19,
    "mean_auc": 0.9692052631578949,
    "mean_aupr": 0.9389421052631581,
    "ef5_mean": 10.075
  },
  "v5": {
    "n_targets": 19,
    "mean_auc": 0.9344263157894735,
    "mean_aupr": 0.8460052631578946,
    "ef5_mean": 0.0,
    "n_params": 2621734
  },
  "top20_overlap": [
    "Demethoxycapillarisin"
  ]
}