gene,top_percent,n_top,n_hits,n_pos_tcm,baseline_rate,enrichment_factor
ALOX15,1,6,0,1,0.00174,0.0
ALOX15,5,29,1,1,0.00174,19.79
ALOX15,10,57,1,1,0.00174,10.07
NOX4,1,6,1,1,0.00174,95.67
NOX4,5,29,1,1,0.00174,19.79
NOX4,10,57,1,1,0.00174,10.07
PTGS2,1,6,0,1,0.00174,0.0
PTGS2,5,29,0,1,0.00174,0.0
PTGS2,10,57,0,1,0.00174,0.0
